"Status","Start Time","Stop Time","Duration in ms","Parent Suite","Suite","Sub Suite","Test Class","Test Method","Name","Description"
"failed","Mon Feb 15 00:18:03 CST 2021","Mon Feb 15 00:18:03 CST 2021","1","testcode","test_calc_new","Test_Calculator","","","test_div[正数除以负数]",""
"passed","Mon Feb 15 00:18:03 CST 2021","Mon Feb 15 00:18:03 CST 2021","1","testcode","test_calc_new","Test_Calculator","","","test_mul[大数字]",""
"failed","Mon Feb 15 00:18:04 CST 2021","Mon Feb 15 00:18:04 CST 2021","0","testcode","test_calc_new","Test_Calculator","","","test_div[输入错误]",""
"passed","Mon Feb 15 00:18:03 CST 2021","Mon Feb 15 00:18:03 CST 2021","0","testcode","test_calc_new","Test_Calculator","","","test_add[大数相加]",""
"passed","Mon Feb 15 00:18:03 CST 2021","Mon Feb 15 00:18:03 CST 2021","1","testcode","test_calc_new","Test_Calculator","","","test_add[0相加]",""
"passed","Mon Feb 15 00:18:03 CST 2021","Mon Feb 15 00:18:03 CST 2021","0","testcode","test_calc_new","Test_Calculator","","","test_mul[两个负数相乘]",""
"passed","Mon Feb 15 00:18:03 CST 2021","Mon Feb 15 00:18:03 CST 2021","0","testcode","test_calc_new","Test_Calculator","","","test_mul[正数相乘]",""
"passed","Mon Feb 15 00:18:03 CST 2021","Mon Feb 15 00:18:03 CST 2021","0","testcode","test_calc_new","Test_Calculator","","","test_mul[正数乘负数]",""
"passed","Mon Feb 15 00:18:03 CST 2021","Mon Feb 15 00:18:03 CST 2021","0","testcode","test_calc_new","Test_Calculator","","","test_div[被除数是0]",""
"passed","Mon Feb 15 00:18:03 CST 2021","Mon Feb 15 00:18:03 CST 2021","0","testcode","test_calc_new","Test_Calculator","","","test_sub[0减去数字]",""
"passed","Mon Feb 15 00:18:03 CST 2021","Mon Feb 15 00:18:03 CST 2021","0","testcode","test_calc_new","Test_Calculator","","","test_sub[小数相减]",""
"failed","Mon Feb 15 00:18:03 CST 2021","Mon Feb 15 00:18:03 CST 2021","0","testcode","test_calc_new","Test_Calculator","","","test_div[除数是0]",""
"passed","Mon Feb 15 00:18:03 CST 2021","Mon Feb 15 00:18:03 CST 2021","0","testcode","test_calc_new","Test_Calculator","","","test_add[正负相加]",""
"passed","Mon Feb 15 00:18:03 CST 2021","Mon Feb 15 00:18:03 CST 2021","1","testcode","test_calc_new","Test_Calculator","","","test_mul[小数相乘]",""
"passed","Mon Feb 15 00:18:03 CST 2021","Mon Feb 15 00:18:03 CST 2021","0","testcode","test_calc_new","Test_Calculator","","","test_div[小数相除]",""
"passed","Mon Feb 15 00:18:03 CST 2021","Mon Feb 15 00:18:03 CST 2021","0","testcode","test_calc_new","Test_Calculator","","","test_sub[负数减正数]",""
"passed","Mon Feb 15 00:18:03 CST 2021","Mon Feb 15 00:18:03 CST 2021","0","testcode","test_calc_new","Test_Calculator","","","test_mul[与0相乘]",""
"failed","Mon Feb 15 00:18:03 CST 2021","Mon Feb 15 00:18:03 CST 2021","0","testcode","test_calc_new","Test_Calculator","","","test_add[输入错误]",""
"passed","Mon Feb 15 00:18:03 CST 2021","Mon Feb 15 00:18:03 CST 2021","0","testcode","test_calc_new","Test_Calculator","","","test_add[正数相加]",""
"passed","Mon Feb 15 00:18:03 CST 2021","Mon Feb 15 00:18:03 CST 2021","0","testcode","test_calc_new","Test_Calculator","","","test_sub[结果为0]",""
"passed","Mon Feb 15 00:18:03 CST 2021","Mon Feb 15 00:18:03 CST 2021","1","testcode","test_calc_new","Test_Calculator","","","test_div[正数相除]",""
"passed","Mon Feb 15 00:18:03 CST 2021","Mon Feb 15 00:18:03 CST 2021","0","testcode","test_calc_new","Test_Calculator","","","test_sub[负数相减]",""
"passed","Mon Feb 15 00:18:03 CST 2021","Mon Feb 15 00:18:03 CST 2021","0","testcode","test_calc_new","Test_Calculator","","","test_sub[大数字]",""
"passed","Mon Feb 15 00:18:03 CST 2021","Mon Feb 15 00:18:03 CST 2021","0","testcode","test_calc_new","Test_Calculator","","","test_add[负数相加]",""
"failed","Mon Feb 15 00:18:03 CST 2021","Mon Feb 15 00:18:03 CST 2021","1","testcode","test_calc_new","Test_Calculator","","","test_sub[输入错误]",""
"passed","Mon Feb 15 00:18:03 CST 2021","Mon Feb 15 00:18:03 CST 2021","0","testcode","test_calc_new","Test_Calculator","","","test_div[大数字相除]",""
"passed","Mon Feb 15 00:18:03 CST 2021","Mon Feb 15 00:18:03 CST 2021","0","testcode","test_calc_new","Test_Calculator","","","test_div[负数除以正数]",""
"failed","Mon Feb 15 00:18:03 CST 2021","Mon Feb 15 00:18:03 CST 2021","1","testcode","test_calc_new","Test_Calculator","","","test_mul[输入错误]",""
